"id","tweet","state","location","s1","s2","s3","s4","s5","w1","w2","w3","w4","k1","k2","k3","k4","k5","k6","k7","k8","k9","k10","k11","k12","k13","k14","k15"
"1","Jazz for a Rainy Afternoon:  {link}","oklahoma","Oklahoma","0","0","1","0","0","0.8","0","0.2","0","0","0","0","0","0","0","0","0","0","1","0","0","0","0","0"
"2","RT: @mention: I love rainy days.","florida","Miami-Ft. Lauderdale","0","0","0","1","0","0.196","0","0.804","0","0","0","0","0","0","0","0","0","0","1","0","0","0","0","0"
"3","Good Morning Chicago! Time to kick the Windy City in the nuts and head back West!","idaho","","0","0","0","0","1","0","0","1","0","0","0","0","0","0","0","1","0","0","0","0","0","0","0","0"
"6","Preach lol! :) RT @mention: #alliwantis this type of weather all the time.. I live for beautiful days like this! #minneapolis","minnesota","Minneapolis-St. Paul","0","0","0","1","0","1","0","0","0","0","0","0","0","0","0","0.604","0","0.196","0","0","0","0.201","0","0"
"9","@mention good morning sunshine","rhode island","Purgatory","0","0","0","0.403","0.597","1","0","0","0","0","0","0","0","0","0","0","0","0","0","0","0","1","0","0"
"10","Rather be storm chasing.","district of columbia","Washington, DC","0","0","0.6","0","0.4","0","0","1","0","0","0","0","0","0","0","0","0","0","0","0","1","0","0","0"
"11","#WEATHER:  1:54 pm : 61.0F. Feels 60F. 29.98% Humidity. 6.9MPH East Wind.","michigan","St Louis, MI, USA","0","0","1","0","0","1","0","0","0","0","0.203","0.176","0","0.376","0","0.421","0","0.176","0","0","0","0","0","0.579"
"13","Father. Son. Holy ghost. Amen... hope I come out alive =) (this is the Hot~ness) Namaste*!~ {link}","connecticut","Hartford & New Haven","0","0.193","0","0","0.807","1","0","0","0","0","0","0","1","0","0","0","0","0","0","0","0","0","0","0"
"14","Mild Monday best weather day of the week in Oklahoma: {link} #OKWX","oklahoma","Oklahoma City","0","0","0","1","0","0.599","0","0.401","0","0","0","0","0.194","0","0","0.605","0","0.2","0","0","0","0","0","0"
"15","With the snow forecast for Tahoe this weekend, maybe the @mention riders need to bust out the 'Cross bikes :) @mention","california","Sacramnto-Stkton-Modesto","0.208","0","0.792","0","0","0","1","0","0","0","0","0","0","0","0","0","0","0","0","1","0","0","0","0"
"16","No signs of the appocolypse yet.. sunshine and warm weather.","kansas","Lawrence, Kansas","0","0","0.185","0.815","0","1","0","0","0","0","0","0","0.414","0","0","0","0","0.207","0","0","0","1","0","0"
"17","Outside: 62.7 F, Humidity: 71%, Wind: (121) 11 mph, Press: 29.60"", Rain: 0.40","new mexico","Farmington, MN","0","0","1","0","0","1","0","0","0","0","0","0","0","0.39","0","0.403","0","0","0.597","0","0","0","0","0.597"
"18","@mention another storm?  At least we're getting rain.  How bad is this one?","texas","Austin, TX","0","0.795","0","0.205","0","1","0","0","0","0","0","0","0","0","0","0","0","0","1","0","1","0","0","0"
"21","RT @mention: Rainy afternoons are great for hot Broccoli Cheese Soup.","north carolina","","0","0","0","1","0","0.605","0","0.395","0","0","0","0","0","0","0","0","0","0","1","0","0","0","0","0"
"23","Can already tell it's going to be a tough scoring day. It's as windy right now as it was yesterday afternoon.","south carolina","Columbia, SC","0","0.425","0.575","0","0","1","0","0","0","0","0","0","0.209","0","0","0","0","0","0","0","0","0","0","0.791"
"24","A lil chilly all good to words for that, CALL OF DUTY, that is all.","indiana","Indianapolis","0.201","0","0.211","0.176","0.412","1","0","0","0","0","1","0","0","0","0","0","0","0","0","0","0","0","0","0"
"25","Loving the Sugarland concert! ( even though im soaking wet and freezing!) Lol","pennsylvania","Pittsburgh","0","0.408","0","0.189","0.404","1","0","0","0","0","1","0","0","0","0","0","0","0","0.655","0","0","0","0","0"
"28","I'm gonna do big things today: running during shit weather and writing my essay of the same nature.","maryland","","0","1","0","0","0","1","0","0","0","0","0","0","0","0","0","1","0","0","0","0","0","0","0","0"
"30","Today was windy AF, I don't wanna go meet up w/ @mention and get my sis from school :/","arizona","Phoenix (Prescott)","0","0.613","0.387","0","0","0.793","0","0","0.207","0","0","0","0","0","0","0","0","0","0","0","0","0","0","1"
"31","@mention damnhomie. Perfect weather over here. why u goin to florida","maryland","Baltimore","0","0","0","1","0","1","0","0","0","0","0","0","0","0","0","0.803","0","0","0","0","0","0.197","0","0"
"32","I also can't ever live w/ someone from Arizona again. How the fuck do you live in an apartment that is 100 degrees?","arizona","Phoenix, Arizona","0","0.203","0","0","0.797","1","0","0","0","0","0","0","1","0","0","0","0","0","0","0","0","0","0","0"
"34","It was 102 degrees yesterday. I am not ready for this heat. San Diego sounds good right about now","arizona","Phoenix (Prescott)","0","0.593","0","0.407","0","0","0","0","1","0","0","0","1","0","0","0","0","0","0","0","0","0","0","0"
"36","Current weather at the Kennedy Space Center is ""go"" across the board. {link} #sts134 Launch at 8:56am eastern","oklahoma","","0.167","0","0.407","0.222","0.204","1","0","0","0","0","0","0","0","0","0","1","0","0","0","0","0","0","0","0"
"37","@mention cold cloudy rainy :(","delaware","","0","1","0","0","0","1","0","0","0","1","1","0","0","0","0","0","0","0","0.797","0","0","0","0","0"
"38","@mention cold, & kinda damp here, but losing my house at an auction next month, gives a good reason to go out. #defeated","kansas","","0","0.604","0.396","0","0","1","0","0","0","0","0.8","0","0","0.205","0","0.2","0","0","0.595","0","0","0","0","0"
"41","RT @mention: All week we been having cuddle weather","virginia","","0.215","0","0.368","0.417","0","0.404","0","0.179","0.417","0","0.417","0","0","0","0","0.583","0","0.215","0","0","0","0","0","0"
"42","Work week over, finals over, dinner eaten and its hot outside! Time to paint the new nusery in my underwear! #iruinlessclothesthatway","virginia","Burke, VA","0.205","0.389","0","0.406","0","1","0","0","0","0","0","0","1","0","0","0","0","0","0","0","0","0","0","0"
"44","@mention he was right Biggest storm of the year so far #whogivesashit about dlist losers dancing Safety wfaa safety team @mention","texas","Grapevine,TX","0","0","0.6","0","0.4","0.337","0","0.663","0","0","0","0","0","0","0","0","0","0","0","0","1","0","0","0"
"46","RT @mention I hope this weather clears up for the party tonight . &gt;&gt; what party tonite.","new york","New York","0","0.855","0","0","0.145","1","0","0","0","0","0","0","0","0","0","1","0","0","0","0","0","0","0","0"
"47","@mention lol yeah it's too hot outside not to b. Fuck all my watchers ima give em a show. Tryna get my followers back up","north dakota","Giving u a reason 2 watch me","0.202","0.602","0.196","0","0","1","0","0","0","0","0","0","1","0","0","0","0","0","0","0","0","0","0","0"
"48","thoughts on climate change & recent xtreme weather events {link}","texas","Austin","0","0","0.607","0","0.393","0.34","0","0.321","0.34","0","0","0","0","0","0.34","0.66","0","0","0","0","0.34","0","0.34","0"
"49","@mention ""REAL"" friends r rare...not these 'fair' weather friends only around when the sun is shining.","oregon","Portland, OR","0","0","0.106","0","0.894","0","0","1","0","0","0","0","0","0","0","0","0","0","0","0","0","1","0","0"
"50","#WEATHER:  7:51 am : 64.0F. Feels F. 30.02% Humidity. 3.5MPH East Wind.","north carolina","Raleigh, NC, USA","0","0","1","0","0","1","0","0","0","0","0.198","0","0","0.193","0","0.197","0","0.206","0","0","0","0","0","0.206"
"51","@mention i love you sunshine!","alabama","Montgomery, Alabama","0","0","0","0.392","0.608","1","0","0","0","0","0","0","0","0","0","0","0","0","0","0","0","1","0","0"
"52","We had crowds assembled before the 9am start to the sale. Stop on by while the weather is lovely and the selection is good.","ohio","Cincinnati, OH USA","0","0","0","0.785","0.215","1","0","0","0","0","0","0","0","0","0","0.737","0","0","0","0","0","0.263","0","0"
"53","This weather is really putting a damper on #BullHawkWheel today","kansas","Lawrence, KS","0","0.849","0","0","0.151","1","0","0","0","0","0","0","0","0","0","0.756","0","0","0.244","0","0","0","0","0"
"54","My body is sore, might be getting sick. Oh well... I wouldn't mind getting sick on a rainy day. #Relaxin !","rhode island","Central Falls","0","0.404","0","0.596","0","1","0","0","0","0","0","0","0","0","0","0","0","0","1","0","0","0","0","0"
"56","Patio Weather?","michigan","Royal Oak, MI","0.207","0","0.41","0.195","0.188","0.505","0","0.495","0","0","0","0","0","0","0","1","0","0","0","0","0","0","0","0"
"58","this house is stone cold. . colder in here than it is outside.","kentucky","","0","0.401","0.599","0","0","0.802","0","0.198","0","0","1","0","0","0","0","0","0","0","0","0","0","0","0","0"
"60","Weather Channel last Friday:  0% chance of rain on the 14th. Weather Channel today: 40% chance of showers. #shouldhavebeenaweatherman","pennsylvania","Pittsburgh, PA","0","0.195","0.805","0","0","0.594","0.406","0","0","0","0","0","0","0","0","0","0","0","1","0","0","0","0","0"
"62","...CRITICAL FIRE WEATHER CONDITIONS EXPECTED FRIDAY AFTERNOON... .RED FLAG WARNING CONDITIONS ARE POSSIBLE THIS AFTERNO {link}","kansas","Dodge City, Kansas","0","0.181","0.612","0","0.207","0","1","0","0","0","0","0","0.266","0","0","0.734","0","0","0","0","0","0","0","0"
"63","New event. Severe Thunderstorm Warning from 5/22/2011 5:52 PM to 6:45 PM EDT for Vinton County,... Read more at {link}","west virginia","Huntington","0","0","1","0","0","0.807","0.193","0","0","0.194","0","0","0","0","0","0","0","0","0.194","0","0.796","0","0.204","0.194"
"64","RT @mention: I absolutely love thunderstorms!","hawaii","Kauai","0","0","0","1","0","0.4","0","0.6","0","0.196","0","0","0","0","0","0","0","0","0.394","0","1","0","0","0"
"66","too hot out here","south carolina","Greenville Ms","0","1","0","0","0","1","0","0","0","0","0","0","1","0","0","0","0","0","0","0","0","0","0","0"
"68","@mention right this weather is something else","kansas","Kansas City","0.198","0.206","0.596","0","0","0.816","0","0.184","0","0","0","0","0","0","0","0.617","0","0.383","0","0","0","0","0","0"
"69","crazy storm","maryland","Baltimore","0","0.589","0.411","0","0","1","0","0","0","0","0","0","0","0","0","0","0","0","0","0","1","0","0","0"
"70","#WEATHER:  9:54 am : 68.0F. Feels F. 30.13% Humidity. 4.6MPH North Wind.","kentucky","Lexington, KY, USA","0","0","1","0","0","1","0","0","0","0","0","0","0.189","0.205","0","0.409","0","0.197","0","0","0","0","0","0.205"
"72","May snow!  Gees.  Special thx to Dr Farnsworth for his putting clinic yesterday.  Learned a lot.","nevada","","0.208","0.202","0.39","0","0.2","0.765","0","0.235","0","0","0","0","0","0","0","0","0","0","0","1","0","0","0","0"
"74","So... Between flooding and storm damage, etc. anyone have any tips/tools on how to navigate a road trip through LA/MS? Going from SC to TX.","south carolina","","0","0.415","0.387","0","0.198","0","0","0.527","0.473","0","0","0","0","0","0","0","0","0.527","0.273","0","1","0","0","0"
"75","TOP CHOICE --&gt; {link} - Today is awesome!!! Free comic books, lunch with my mama, sunshine & DJ'n ... (via @mention)","alabama","Birmingham","0","0","0","0.601","0.399","1","0","0","0","0","0","0","0","0","0","0","0","0","0","0","0","1","0","0"
"76","CCAk Trail Update: Archangel Road, Mat-Su - 8:00 PM, Thu May 05, 2011: Snow column beginning to break up especia...  {link}","alaska","Anchorage, ak","0","0","0.386","0","0.614","0.515","0.485","0","0","0","0","0","0","0","0","0","0","0.515","0","0.485","0","0","0","0"
"77","I'm SO happy we're getting this race in today but goodness... This humidity feels like it's July @mention! I'll take sun vs. rain though!","new hampshire","","0","1","0","0","0","1","0","0","0","0","0","0","0","1","0","0","0","0","0","0","0","0.196","0","0"
"78","#GymTime...gotta get it in! #Summer2011 comin' quick...just wish the weather would agree!","south dakota","South Dakota","0.375","0.213","0.195","0.217","0","0.625","0.201","0.174","0","0","0","0","0","0","0","0.588","0","0.412","0","0","0","0","0","0"
"79","Off days over back to the money today! I aint trippin sunshine next week wit @mention","wisconsin","Milwaukee","0","0","0","0.411","0.589","0","1","0","0","0","0","0","0","0","0","0","0","0","0","0","0","1","0","0"
"80","At work looking out the window at the storm!!!#IMSCARED","missouri","Creve Coeur, MO","0","0.804","0.196","0","0","1","0","0","0","0","0","0","0","0","0","0","0","0","0","0","1","0","0","0"
"81","Charles Barkley showed up to the game wearing a t-shirt and shorts. He obviously doesn't watch the weather channel.","illinois","Chicago","0","0.154","0.682","0","0.164","0.612","0.184","0.204","0","0","0.39","0","0","0","0","0.61","0","0","0","0","0","0","0","0"
"82","Testing the new onsite report system for CGWA. It's not windy yet, but it will be today. #gorgewind","oregon","Portland, OR","0","0","0.626","0.164","0.21","0.792","0.208","0","0","0","0","0","0","0","0","0","0","0.266","0","0","0","0","0","1"
"84","@mention hey sunshine. So far so good :)","wisconsin","Milwaukee, Wisconsin","0","0","0","0.206","0.794","1","0","0","0","0","0","0","0","0","0","0","0","0","0","0","0","1","0","0"
"85","I'm loving this gloomy Dallas weather.","texas","Austin, Texas","0","0","0","1","0","1","0","0","0","0.204","0","0","0","0","0","0.593","0","0.203","0","0","0","0","0","0"
"91","RT @mention: T-Storm Watch for parts of South Central Texas until 8pm. This includes San Antonio up towards Austin/Dallas: {link} ...","texas","San Antonio, Texas","0","0","0.791","0","0.209","1","0","0","0","0","0","0","0","0","0","0","0","0","0","0","1","0","0","0"
"92","Here comes the thunderstorm.","michigan","Detroit","0","0","1","0","0","0.597","0.403","0","0","0","0","0","0","0","0","0","0","0","0","0","1","0","0","0"
"93","Attention expectant mamas! Nokt is giving away a maternity tee perfect for warm weather! Enter today! {link}","new hampshire","NH","0","0","0.204","0","0.796","0","0","1","0","0","0","0","0","0","0","0","0","1","0","0","0","0","0","0"
"94","Smiling Slim Girl Naked In The Snow {link}","texas","Dallas-Ft. Worth","0.194","0","0.206","0","0.6","0.516","0","0.484","0","0","0","0","0","0","0","0","0","0","0","1","0","0","0","0"
"95","Last thing I want post-work is a booty-shaking bootcamp in 90-degree weather. But gotta practice what I preach.","georgia","Atlanta","0.191","0.603","0.205","0","0","0.809","0","0.191","0","0","0","0","0.795","0","0","0.205","0","0","0","0","0","0.191","0","0"
"96","Rainy day at home... Sometimes it just doesn't get any better then this","maine","","0","0","0","1","0","1","0","0","0","0","0","0","0","0","0","0","0","0","1","0","0","0","0","0"
"97","Windy day in NOLA. Swim is going to be a washing machine if it stays this windy :)  {link}","california","San Diego","0.189","0.197","0.405","0.209","0","1","0","0","0","0","0","0","0","0","0","0","0","0","0","0","0","0","0","1"
"98","Out enjoying the hell out this weather","pennsylvania","Philadelphia,PA","0","0","0","1","0","1","0","0","0","0","0","0","0","0","0","0.804","0","0","0","0","0","0.196","0","0"
"99","Poor Chewie! RT @mention: Today's Cool Thing: Chewbacca Hates Shoveling Snow {link}","texas","Austin, Texas","0","0.175","0","0","0.825","1","0","0","0","0","0","0","0","0","0","0","0","0","0","1","0","0","0","0"
"101","I seriously love @mention the only person who actually talked to me about the weather","rhode island","Purgatory ","0","0","0.401","0","0.599","0","0","1","0","0","0","0","0","0","0","1","0","0","0","0","0","0","0","0"
"102","wow my school loves to pile on homework as soon as the weather gets nice -_-","new york","New York","0","0.415","0.372","0.212","0","0.803","0","0.197","0","0","0","0","0","0","0","0.788","0","0.212","0","0","0","0","0","0"
"104","RT @mention: RT @mention a high of 56 degrees today. . .3 days ago the high was 91. #Bullshxt ---#brixx","kentucky","","0.199","0.412","0.208","0","0.181","1","0","0","0","0","0.503","0","0.258","0","0","0.497","0","0","0","0","0","0","0","0"
"105","New event. Severe Thunderstorm Warning from 5/22/2011 6:08 PM to 7:00 PM CDT for Montgomery Cou... Read more at {link}","missouri","Columbia, MO","0","0","1","0","0","0.594","0.406","0","0","0","0","0","0","0","0","0","0","0","0","0","1","0","0","0"
"107","oh sunshine how much ive missed you (: its great to see you again !","indiana","Indiana","0","0","0","1","0","1","0","0","0","0","0","0","0","0","0","0","0","0","0","0","0","1","0","0"
"108","On way to work half asleep thinkig its cold out here","alabama","Birmingham (Ann and Tusc)","0.165","0.505","0.33","0","0","1","0","0","0","0","1","0","0","0","0","0","0","0","0","0","0","0","0","0"
"109","RT @mention: Cabin fever? Here's a list of 5 things to do in San Diego on a rainy day {link} (add your fav activities ...","california","San Diego","0","0.205","0.589","0","0.205","0.243","0","0.757","0","0","0","0","0","0","0","0","0","0","1","0","0","0","0","0"
"111","Rain, Lightening, and Thunder! Love storms","texas","Austin","0","0","0","1","0","1","0","0","0","0","0","0","0","0","0","0","0","0","1","0","1","0","0","0"
"112","sunshine in Leith for GRETNA FC 2008","louisiana","","0","0","0.605","0.197","0.198","0.246","0","0.754","0","0","0","0","0","0","0","0","0","0","0","0","0","1","0","0"
"115","My client said its not cold outside girl puhlezz its bur is shyt","pennsylvania","","0","1","0","0","0","1","0","0","0","0","1","0","0","0","0","0","0","0","0","0","0","0","0","0"
"117","I love with weather!!! 12 more days of schoool!!!!","ohio","Columbus, OH","0.138","0","0","0.862","0","0.862","0","0.138","0","0","0","0","0","0","0","0.822","0","0.178","0","0","0","0","0","0"
"119","Good Day Sunshine by SketchAway {link} via @mentionA Front Page Treasury.","colorado","Denver","0","0","0","0","1","0","0","1","0","0","0","0","0","0","0","1","0","0","0","0","0","0","0","0"
"120","Currently working on Melissa and Josh's engagement photos from this past rainy weekend. Can't wait to share.","massachusetts","Boston (Manchester)","0","0","1","0","0","0","0","0","1","0","0","0","0","0","0","0","0","0","1","0","0","0","0","0"
"121","Dang only 72degrees today, where is all the warm spring weather??","georgia","Atlanta","0","1","0","0","0","1","0","0","0","0","0.396","0","0.389","0","0","0","0","0.405","0","0","0","0.204","0","0"
"122","RT @mention: HAARP and government programs puposely causing these weather disasters #science - {link} |","hawaii","Honolulu  Hawaii","0.202","0.202","0.194","0","0.403","0","0","0.325","0.675","0","0","0","0","0","0","0.662","0","0.338","0","0","0","0","0","0"
"124","#WEATHER:  6:56 pm : 88.0F. Feels F. 29.79% Humidity. 12.7MPH South Wind.","nevada","Las Vegas","0","0","1","0","0","1","0","0","0","0","0","0","0.6","0.19","0","0","0","0.603","0","0","0","0.206","0","0.6"
"125","@mention lazy is mighty good in this weather. LOL! Alrighty, I won't be wearing the green hat though :)","district of columbia","Washington, DC (Hagrstwn)","0","0","0.211","0.404","0.385","1","0","0","0","0","0","0","0","0","0","0.669","0","0.331","0","0","0","0","0","0"
"126","@mention weather is beautiful today, finally after the rain.  The rents are great and we're getting T Harbor opened up.  How's the Big Apple?","maine","Maine, USA","0","0","0","1","0","1","0","0","0","0","0","0","0","0","0","0.508","0","0","0.492","0","0","0.171","0","0"
"130","RT @mention: This is the perfect weather for cuddling! ;)","georgia","Atlanta","0","0","0","1","0","1","0","0","0","0","0","0","0","0","0","0.804","0","0.196","0","0","0","0","0","0"
"131","Severe Thunderstorm Warning for Chatham [NC] till 7:15 PM EDT. Hail and strong winds likely #Pittsboro","north carolina","Raleigh-Durham (Fayetvlle)","0","0","1","0","0","0.388","0.612","0","0","0","0","0","0","0","0","0","0","0.417","0","0","1","0","0","0.616"
"132","Front lawn at Riverdale Country School. @mention shoots Day 4 of 5 for Admissions Video. Supreme weather {link}","new hampshire","","0","0","0.172","0.353","0.475","0.673","0","0.327","0","0","0","0","0","0","0","1","0","0","0","0","0","0","0","0"
"133","@mention I do have to agree with you, My lawn is getting about 12"" tall, Its been to wet, cold, windy,hot, or just not #perfectweather.","idaho","Idaho","0","1","0","0","0","0.391","0","0","0.609","0","1","0","1","0","0","0","0","0","0.803","0","0","0","0","0.806"
"134","Sunny Monday!","north carolina","Salisbury, UK","0","0","0","1","0","0.796","0","0.204","0","0","0","0","0","0","0","0","0","0","0","0","0","1","0","0"
"135","RT @mention: Sick of wearin a hoodie one day n the next day wearin flip flops ! #Bi polar weather !","mississippi","","0","1","0","0","0","0.325","0","0.337","0.337","0","0.337","0.169","0.169","0","0","0.337","0","0.157","0","0","0","0.337","0","0"
"136","Another sunny day!","alaska","","0","0","0","1","0","1","0","0","0","0","0","0","0","0","0","0","0","0","0","0","0","1","0","0"
"137","@mention It might stop tomorrow.  We haven't had good luck with weather lately.  Plus, they still need to finish up the patio.  Ugh.","wyoming","Midwest","0.19","0.81","0","0","0","0.206","0.401","0","0.393","0","0","0","0","0","0","1","0","0","0","0","0","0","0","0"
"138","Looks like another rainy day in PA. Oh well.....","pennsylvania","Philadelphia","0.175","0.825","0","0","0","1","0","0","0","0","0","0","0","0","0","0","0","0","1","0","0","0","0","0"
"139","I just want to move to the sunny hills of San Francisco, take trips to Venice Beach, and visit my family in the Hollywood Hills. #dreams","north carolina","Charlotte/Boone, NC","0","0","0","0.797","0.203","0.244","0.511","0.245","0","0","0","0","0","0","0","0","0","0","0","0","0","1","0","0"
"140","Perfect weather to record demos all day : D","alabama","Birmingham","0","0","0","1","0","1","0","0","0","0","0","0","0","0","0","1","0","0","0","0","0","0","0","0"
"141","No snow.   @ Torrey Pines State Beach {link}/","california","San Diego","0","0","1","0","0","0.59","0","0.41","0","0","0","0.202","0","0","0","0","0","0.19","0","0.608","0","0","0","0"
"142","RT @mention: Pastor using personal experience to  help others weather the storm: {link} #UMC","tennessee","Nashville","0","0","0.199","0","0.801","1","0","0","0","0","0","0","0","0","0","0","0","0","0","0","1","0","0","0"
"143","How the hell can weather change like that?","ohio","Cincinnati","0","0.837","0","0","0.163","0.797","0","0.203","0","0","0","0","0","0","0","0.797","0","0.203","0","0","0","0","0","0"
"144","we are freakin killin the audio ustream! :/ its freezing","georgia","ATL","0","0","0.199","0","0.801","1","0","0","0","0","1","0","0","0","0","0","0","0","0","0","0","0","0","0"
"146","It actually feel like memphis weather in may...bout time :)","tennessee","Memphis, TN","0","0","0","1","0","1","0","0","0","0","0","0","0","0","0","0.801","0","0.199","0","0","0","0","0","0"
"147","And these storms are why i adore spring. Need to be storm chasing with @mention.","virginia","","0","0.2","0","0.8","0","0.593","0","0.407","0","0","0","0","0","0","0","0","0","0","0","0","1","0","0","0"
"148","Currently 73 degrees at 7:45 am.","texas","San Antonio, TX","0","0","1","0","0","1","0","0","0","0","0","0","0","0","0","0.391","0","0.609","0","0","0","0","0","0"
"150","@mention good morning hope ur having a great day beautiful and sunny here about 72 today","west virginia","WV","0","0","0","1","0","1","0","0","0","0","0","0","0.205","0","0","0","0","0.214","0","0","0","1","0","0"
"151","houston weather {link} Retire To Texas  One Of The Cheapest States To Retire In","alaska","","0","0","0.343","0","0.657","0.479","0.521","0","0","0","0","0","0","0","0","1","0","0","0","0","0","0","0","0"
"152","loool r u serious?? confused chick RT @mention This chick gotta be on drugs its 85 degrees n she rockin boots n a leather.","california","Los Angeles","0","0.202","0.596","0","0.202","1","0","0","0","0","0","0","0.747","0","0","0","0","0.253","0","0","0","0","0","0"
"155","...COOLER TEMPERATURES AND UNSETTLED WEATHER WILL MOVE BACK INTO EASTERN UTAH AND WESTERN COLORADO BY MID WEEK... A LAR {link}","utah","","0","0","1","0","0","0","1","0","0","0","0.6","0","0","0","0","0","0","0.601","0","0","0","0","0","0"
"156","I've checked the weather forecast & it still says blazing sunshine. Come and take a look out my window, Mr Forecaster. It ain't there!","pennsylvania","Harrisburg-Lncstr-Leb-York","0","0.603","0.397","0","0","0.795","0.205","0","0","0.412","0","0","0","0","0","0","0","0.202","0","0","0","0.588","0","0"
"157","#WEATHER:  4:50 pm : 55.0F. Feels 52F. 29.61% Humidity. 12.7MPH North Wind.","ohio","Columbus, OH","0","0","1","0","0","1","0","0","0","0","0.597","0","0","0.399","0","0","0","0.208","0","0","0","0","0","0.603"
"158","NWS #TOP Hazardous Weather Outlook (HWO) {link} #ksstorms #kswx","kansas","Kansas City","0.21","0","0.621","0","0.168","0.253","0.494","0.253","0","0","0","0","0","0","0","0.499","0","0.248","0.253","0","0.499","0","0.253","0"
"159","@mention the weather is beautiful here right now! I hope you have a great time! :)","new york","New York","0","0","0","1","0","1","0","0","0","0","0","0","0","0","0","1","0","0","0","0","0","0","0","0"
"160","#WEATHER:  4:53 am : 42.0F. Feels F. 29.79% Humidity. 0.0MPH North Wind.","oregon","Portland, OR","0","0","0.87","0","0.13","1","0","0","0","0","0.412","0","0","0.399","0","0.189","0","0","0","0","0","0","0","0.206"
"164","@mention @mention @mention I had a friend in HS named Gypsy-Storm We called her Stormy. She turned out alright!","pennsylvania","PA","0","0","0.157","0","0.843","0","0","1","0","0","0","0","0","0","0","0","0","0","0","0","1","0","0","0"
"167","RT @mention: Farmersburg, Fairbanks, Pimento need to be in tornado safe-places now with that storm. #INwx","indiana","Muncie, IN","0.178","0","0.608","0","0.214","1","0","0","0","0.262","0","0","0","0","0","0","0","0","0","0","0.512","0","0.754","0"
"168","Good weather vibes paid off!! We were able to get great shots of this little cutie in her baptism dress!! {link}","wyoming","Riverton, Utah","0","0","0","0.4","0.6","1","0","0","0","0","0","0","0","0","0","1","0","0","0","0","0","0","0","0"
"169","Make it rain, make it rain, @mention I make it storm","maryland","Baltimore","0.206","0","0.166","0","0.628","0","0.553","0.447","0","0","0","0","0","0","0","0","0","0","1","0","0.553","0","0","0"
"170","This weather means one thing --&gt; time to pop in the JM cd.","florida","Miami-Ft. Lauderdale","0.403","0","0.194","0","0.403","0.661","0","0.339","0","0","0","0","0","0","0","1","0","0","0","0","0","0","0","0"
"171","@mention we have your last week's weather, you have ours :)","arkansas","Arkansas","0.218","0","0.573","0","0.209","0.514","0","0","0.486","0","0","0","0","0","0","0.746","0","0.53","0","0","0","0","0","0"
"173","Hey HAARP leave the weather alone","missouri","St. Louis","0.352","0.176","0","0","0.472","1","0","0","0","0","0","0","0","0","0","1","0","0","0","0","0","0","0","0"
"174","think he shud give me sum dawg as sunshine like the ol days","michigan","Detroit.Mi","0","0","0","0.207","0.793","0","0","0","1","0","0","0","0","0","0","0","0","0","0","0","0","1","0","0"
"175","Holy Twitter..whats happening with the weather out west? Enough already. I hope help gets to all who are in need quickly.","florida","Tampa, Fl","0.188","0.607","0","0","0.205","0.752","0","0.248","0","0","0","0","0","0","0","0.764","0","0.236","0","0","0","0","0","0"
"176","Thunder, severe weather warning. Wouldn't be a Triathlon without it #Florida #70.3","florida","Miami-Ft. Lauderdale","0","0","1","0","0","0.586","0.414","0","0","0","0","0","0","0","0","0.199","0","0.215","0.179","0","0.801","0","0","0"
"177","Sun and Moon, Ice and Snow:  {link}","wisconsin","Wisconsin","0","0","0.204","0","0.796","1","0","0","0","0","0","0","0","0","0","0","1","0","0","1","0","1","0","0"
"179","RT @mention: This some bitch ass weather that matches these bitch ass niggaz","michigan","Detroit (WHAT UP DOE)","0.142","0.858","0","0","0","1","0","0","0","0","0","0","0","0","0","0.859","0","0.141","0","0","0","0","0","0"
"180","Wishing I could stay at home and enjoy this weather!! At least I have the next 2 days off=]","kansas","Kansas City","0","0","0","1","0","1","0","0","0","0","0","0","0","0","0","1","0","0","0","0","0","0","0","0"
"183","This weather makes me sad that I can't have any pool time this summer.","kansas","Lawrence, KS","0.204","0.593","0","0.203","0","1","0","0","0","0","0","0","0","0","0","1","0","0","0","0","0","0","0","0"
"184","WI GOP, WI weather and whoever the fuck called me three times super early this morning: FUCK YOU.","wisconsin","Madison, WI","0","0.208","0","0","0.792","1","0","0","0","0","0","0","0","0","0","1","0","0","0","0","0","0","0","0"
"185","Forecast calls for Wed to be ""mostly sunny"" Given #BTV #NWS models....odds of that happening?  Thinking 3 to 1 is about right.  #Stowe #VT","vermont","Stowe, VT","0","0","1","0","0","0.201","0.799","0","0","0","0","0","0","0","0","0","0","0","0","0","0","1","0","0"
"186","@mention how do u think the weather is looking for the SGK 5k?","west virginia","WV","0","0","0.197","0","0.803","0","1","0","0","0","0","0","0","0","0","1","0","0","0","0","0","0","0","0"
"187","The AL storm damage is surreal & sad. Pic: Operating Dakt digital billboard surrounded by debris. {link}","south dakota","","0.215","0.197","0.38","0","0.208","0.249","0","0","0.751","0","0","0","0","0","0","0","0","0","0","0","1","0","0","0"
"188","RT @mention: On a rainy day like today put some Gay and sunshine in your day with the Gaydy Bunch! {link}","south dakota","Gayville USA","0","0","0.812","0.188","0","1","0","0","0","0","0","0","0","0","0","0","0","0","1","0","0","0","0","0"
"189","Getting chilly in my room","mississippi","Mississippi","0","0.208","0.404","0","0.388","1","0","0","0","0","1","0","0","0","0","0","0","0","0","0","0","0","0","0"
"190","This weather makes me super happy, but I wish it would rain.  #morels","wisconsin","Madison, WI","0.182","0","0","0.818","0","1","0","0","0","0","0","0","0","0","0","0.182","0","0.2","0.818","0","0","0","0","0"
"191","Supposed to be sunny and in 80's all week!!!!","michigan","Livonia, MI","0.175","0","0","0.825","0","0","1","0","0","0","0","0","0.626","0","0","0","0","0.21","0","0","0","1","0","0"
"194","This Dallas weather make u think the world gon end","texas","San Antonio","0","0.616","0.384","0","0","1","0","0","0","0","0","0","0","0","0","0.796","0","0.204","0","0","0","0","0","0"
"195","Was an awsome day out except for the humidity, thinking about getting a bike again..","indiana","Indianapolis","0","0.407","0.195","0.399","0","0.392","0","0","0.608","0","0","0","0","1","0","0","0","0.198","0","0","0","0.198","0","0"
"197","We kind of like inclement weather. Played well in the snow in Minnesota and won. Tonight we got poured upon and no one complains. Love it.","florida","Tampa Bay","0","0","0","0.585","0.415","1","0","0","0","0.31","0.31","0","0","0","0","0","0","0","1","0.644","0","0","0","0"
"198","I really want to meet a nudist. It must be quite an endurance lifestyle if you're living in Scotland - given the weather.","utah","Mt. Olympus","0.208","0","0","0","0.792","0","0","1","0","0","0","0","0","0","0","1","0","0","0","0","0","0","0","0"
"199","I hate when a shoot is cancelled & rescheduled due to weather then an hour later the sun is out.  Here's to working on Sunday, ugh! #fb #in","texas","","0","1","0","0","0","0.806","0","0.194","0","0","0","0","0","0","0","0.194","0","0.403","0","0","0","0.806","0","0"
"201","{link} #photo #sink #hole #storm #MN","minnesota","Minnetonka, Minnesota","0.207","0","0.207","0","0.587","0.5","0","0.5","0","0","0","0","0","0","0","0","0","0","0","0","1","0","0","0"
"202","Chilly night in Louisville:  54 degrees- think I need a little heat.","kentucky","Louisville","0","0.597","0.403","0","0","1","0","0","0","0","0.605","0","0","0","0","0","0","0.395","0","0","0","0","0","0"
"203","Come on in tonight on this rainy dreary day and celebrate our 15's with us, tonight we have on the menu for you... {link}","maine","Kennebunk, ME","0","0.796","0","0.204","0","1","0","0","0","0.204","0","0","0","0","0","0","0","0.197","1","0","0","0","0","0"
"205","I lied I ended up going outside lol its hella hot {link}","north carolina","International bound (GSO,NC)","0.205","0.591","0","0.205","0","1","0","0","0","0","0","0","1","0","0","0","0","0","0","0","0","0","0","0"
"206","@mention loooooool my bed is so warm can't get out","oregon","Portland, OR","0","0","0","0.203","0.797","1","0","0","0","0","1","0","0","0","0","0","0","0","0","0","0","0","0","0"
"207","My boxer is not liking this weather!","tennessee","Memphis TN","0","1","0","0","0","1","0","0","0","0","0","0","0","0","0","1","0","0","0","0","0","0","0","0"
"208","Possible Thunderstorms This Afternoon - {link}","california","Sacramento California","0","0","1","0","0","0.793","0.207","0","0","0","0","0","0","0","0","0","0","0","0","0","1","0","0","0"
"209","Why do rainy days make me drowsy???","pennsylvania","Harrisburg-Lncstr-Leb-York","0.196","0.407","0.397","0","0","0.399","0","0.601","0","0","0","0","0","0","0","0","0","0","1","0","0","0","0","0"
"210","@mention good luck here... Hope the weather gets better. I'm sick of the cold and wet","new jersey","","0","1","0","0","0","0.598","0","0.402","0","0","1","0","0","0.211","0","0","0","0.206","0.583","0","0","0","0","0"
"211","Hoping for beautiful #Colorado weather tomorrow on our hike","colorado","Denver, Colorado ","0","0","0.603","0.204","0.193","0","1","0","0","0","0","0","0","0","0","0.747","0","0.253","0","0","0","0","0","0"
"212","Also, it's such a lovely day for the #rapture!! 80 degrees? What a nice way to go out.","maryland","Columbia, MD","0","0","0","1","0","1","0","0","0","0","0","0","0.4","0","0","0.2","0","0.4","0","0","0","0","0","0"
"214","iim scared of thunderstorms","michigan","Detroit","0.208","0.792","0","0","0","0.395","0","0.605","0","0","0","0","0","0","0","0","0","0","0","0","1","0","0","0"
"216","A few storms are possible this evening and overnight, with a better chance Saturday. {link}","south carolina","","0","0","0.798","0.202","0","0.598","0.402","0","0","0","0","0","0","0","0","0","0","0","0","0","1","0","0","0"
"218","WELCOME TO INDIANA, WEATHER REAL OR FAKE, INDIANA WELCOMES YOU, BEST BELIEVE WE A SET YOU STRAIGHT..F.O.E","indiana","Indianapolis","0","0","0","0","1","0","0","1","0","0","0","0","0","0","0","1","0","0","0","0","0","0","0","0"
"220","Hairy weather alert SEVERE Thunderstorm warning in effect for Wise county til 730","texas","Dallas-Ft. Worth","0","0.209","0.791","0","0","0.802","0.198","0","0","0","0","0","0","0","0","0","0","0","0","0","1","0","0","0"
"221","RT @mention: I love summer storms! Could be a very successful weather girl with this #Fibro #pain giving me heas up! #can-predict ...","tennessee","Nashville","0","0","0","1","0","0.402","0","0.598","0","0.209","0","0","0","0","0","0","0","0","0.209","0","1","0","0","0"
"223","@mention 0_0 wat. we have tornadoes so often that they set the alarm off when its a thunderstorm. they sound like bomb sirens basically","delaware","The Hub","0","0.403","0.397","0","0.2","0.248","0","0.503","0.249","0","0","0","0","0","0","0","0","0","0","0","1","0","0.752","0"
"226","Norfolk this morning is bright and sunny and still no rain!","virginia","Norfolk-Portsmth-Newpt Nws","0.216","0","0.212","0.572","0","0.82","0","0.18","0","0","0","0","0","0","0","0","0","0","0.216","0","0","1","0","0"
"227","10 more degrees...  {link}","louisiana","Shreveport, LA","0.406","0","0","0","0.594","0.507","0","0.493","0","0","0","0","0","0","0","1","0","0","0","0","0","0","0","0"
"229","Thanks OTG&everyone who came out yesterday not the best weather but we made it happen... look forward to next time!!!","california","San Francisco-Oak-San Jose","0","0.792","0","0","0.208","0","0","0","1","0","0","0","0","0","0","1","0","0","0","0","0","0","0","0"
"230","It's freezing at this bar- is it the ac? Or just being up north??","florida","Orlando, Florida","0","0","0.389","0","0.611","1","0","0","0","0","0.516","0","0","0","0","0","0","0.484","0","0","0","0","0","0"
"231","whoopsie...someone just totally flipped off The Weather Channel in Joplin Mo","tennessee","Memphis TN","0","0","0.192","0","0.808","1","0","0","0","0","0","0","0","0","0","1","0","0","0","0","0","0","0","0"
"233","87 degrees... well done sioux falls,sd well done :)","south dakota","Sioux Falls, SD","0","0","0.199","0.801","0","1","0","0","0","0","0","0","0.793","0","0","0.207","0","0","0","0","0","0","0","0"
"234","Its hot as hell, Hot weather aint my thing.. Im gettin aggravated && I juss wanna fight..","north carolina","Asheboro NC","0","1","0","0","0","1","0","0","0","0","0","0","1","0","0","0","0","0","0","0","0","0.205","0","0"
"237","YESS! sleeping like a baby tonight. thank you #rain","florida","Miami, FL","0","0","0","0.794","0.206","1","0","0","0","0","0","0","0","0","0","0","0","0","1","0","0","0","0","0"
"238","Starting to feel like #summer here at the #lakeshore campus.What's your favorite way to get out for some exercise when the weather is nice?","illinois","Chicago, Illinois ","0","0","0.417","0.583","0","1","0","0","0","0","0","0","0","0","0","0.616","0","0.191","0","0","0","0.193","0","0"
"240","RT @mention: Take a look at the Beautiful view this morning from the summit of Mauna Kea: {link} #travel #Hawaii #winte ...","delaware","Wilmington, DE","0","0","0","0.203","0.797","1","0","0","0","0","0","0","0","0","0","0","0","1","0","0","0","0","0","0"
"245","Thunderstorm. :)","michigan","Hudsonville, MI","0","0","0.203","0.797","0","0.397","0","0.603","0","0","0","0","0","0","0","0","0","0","0","0","1","0","0","0"
"246","If Yu Don't PRAY On A Regular Don't Pray About This Storm Please..Yu Mite Piss GOD Off","north carolina","Reidsville, NC","0","0.197","0.396","0","0.407","1","0","0","0","0","0","0","0","0","0","0","0","0","0","0","1","0","0","0"
"247","S/O to dat boy @mention I just had a co'worker told me his new cd was hot I gotta check it out!","louisiana","","0","0","0","0","1","0","0","1","0","0","0","0","0","0","0","1","0","0","0","0","0","0","0","0"
"248","A rainy off day I can deal with that!","louisiana","","0","0","0.205","0.795","0","1","0","0","0","0","0","0","0","0","0","0","0","0","1","0","0","0","0","0"
"251","RT @mention: The Beach Boys & John Stamos visited North Alabama storm damage. Huge!","alabama","","0","0","0.2","0","0.8","0","0","0","1","0","0","0","0","0","0","0","0","0","0","0","1","0","0","0"
"252","Just a tad bit on the chilly side today, ima need it to get back into the 70's.","georgia","Atlanta","0","0.8","0.2","0","0","1","0","0","0","0","0.805","0","0","0","0","0","0","0.195","0","0","0","0","0","0"
"253","@mention Besides, nothing like a good zombie movie, to go with the thunderstorm outside, on a day when we're all supposed to go to hell! ;)","tennessee","35.446045,-89.834819","0.392","0.203","0","0.203","0.203","1","0","0","0","0","0","0","0","0","0","0","0","0","0","0","1","0","0","0"
"254","BL: Fair and Windy and 57 F at Bozeman/Gallatin, MT Winds are from the Southwest at 28.8 gusting to 38.0 MPH (25 gustin {link}","montana","","0","0","1","0","0","1","0","0","0","0","0","0","0","0","0","0","0","0.597","0","0","0","0","0","0.796"
"256","Soup and chai at the wild roast on a rainy sunday #justwhatthedoctorordered","minnesota","minneapolis","0.196","0","0.201","0.603","0","0.795","0","0.205","0","0","0","0","0","0","0","0","0","0","1","0","0","0","0","0"
"257","RT @mention: Paula Deen Buffet at Horseshoe is back Open! Thanks to all the staff for their hard work. Let's enjoy some sunshine!","alaska","Anchorage, AK","0","0","0","1","0","1","0","0","0","0","0","0","0","0","0","0","0","0","0","0","0","1","0","0"
"258","Mark your calendar 6/5: Zumba for a #Cause!  #STL #Zumba fundraiser for storm victims at ""U Can Dance"" St Ann June 5th: 3:30-5pm @mention","missouri","St. Louis, MO","0","0","0.185","0","0.815","0","0","0","1","0","0","0","0","0","0","0","0","0","0","0","1","0","0","0"
"259","Stay safe out there Haskell County #SWK Was at the #KCIairport during our huge storm and watched the scary clouds roll in","new york","Manhattan, KS","0","0.798","0.202","0","0","0.4","0","0","0.6","0.798","0","0","0","0","0","0","0","0","0","0","1","0","0","0"
"261","hopefully this storm passes!!!","kentucky","Lexington, KY","0","0.425","0.575","0","0","0.425","0","0.207","0.368","0","0","0","0","0","0","0","0","0","0","0","1","0","0","0"
"262","Severe thunderstorm warning until 5 p.m. for area: The National Weather Service has issued a Severe Thunderstorm... {link}","ohio","","0","0","1","0","0","0.623","0.377","0","0","0","0","0","0","0","0","0","0","0","0","0","1","0","0","0"
"264","@mention ahhh maybe, depends on the weather. :) lmao","new york","New York","0.205","0","0","0","0.795","0","0","1","0","0","0","0","0","0","0","1","0","0","0","0","0","0","0","0"
"265","SEVERE THUNDERSTORM WATCH 298 IS IN EFFECT UNTIL 700 PM CDT FOR THE FOLLOWING LOCATIONS","mississippi","","0","0","1","0","0","0.621","0.379","0","0","0","0","0","0","0","0","0","0","0","0","0","1","0","0","0"
"267","@mention @mention maybe this storm is the rapture coming to fruition","south carolina","Greenville, WI, USA","0.203","0.204","0.397","0","0.196","1","0","0","0","0","0","0","0","0","0","0","0","0","0","0","1","0","0","0"
"268","I should at least attempt to get outside in the beautiful weather today.... or be productive... or both!","wisconsin","Whitewater, WI","0","0","0","1","0","1","0","0","0","0","0","0","0","0","0","0.798","0","0.202","0","0","0","0","0","0"
"269","On tap for the weekend: Sunny skies, 80-degree temps & lots to do in Wilmington & NC's Cape Fear Coast: {link} #ilm","delaware","Wilmington, NC & area beaches","0","0","0.797","0.203","0","0","1","0","0","0","0","0","0","0","0","0","0","0","0","0","0","1","0","0"
"270","Sunny and mid 70s by this afternoon! {link} #gringo","montana","Dogtown","0","0","0.393","0.607","0","1","0","0","0","0","0","0","0.205","0","0","0","0","0.201","0","0","0","0.799","0","0"
"271","Beautiful weather outside today","wisconsin","Milwaukee/AtL","0","0","0","1","0","1","0","0","0","0","0","0","0","0","0","0.598","0","0","0","0","0","0.402","0","0"
"272","It's the middle of May and I'm still using the seat warmer in my car. This weather blows.","vermont","","0","1","0","0","0","1","0","0","0","0","0.806","0","0","0","0","0","0","0.194","0","0","0","0","0","0"